NUMBER,NAME,GENDER,AGE,DATE,COUNTRY
1,Dett,Male,18,21/05/2015,Great Britain
2,Nern,Female,19,15/10/2017,France
3,Kallsie,Male,20,16/08/2016,France
4,Siuau,Female,21,21/05/2015,Great Britain
5,Shennice,Male,22,21/05/2016,France
6,Chasse,Female,23,15/10/2018,France
7,Tommye,Male,24,16/08/2017,United States
8,Dorcast,Female,25,21/05/2016,United States
9,Angelee,Male,26,21/05/2017,Great Britain
10,Willoom,Female,27,15/10/2019,France
11,Waeston,Male,28,16/08/2018,Great Britain
12,Rosma,Female,29,21/05/2017,France
13,Felisaas,Male,30,21/05/2018,France
14,Demetas,Female,31,15/10/2020,Great Britain
15,Jeromyw,Female,32,16/08/2019,France
16,Rashid,Female,33,21/05/2018,France
17,Dett,Female,34,21/05/2019,United States
18,Nern ,Female,35,15/10/2021,United States
19,Kallsie,Female,36,16/08/2020,Great Britain
20,Siuau,Female,37,21/05/2019,France
21,Shennice,Female,38,21/05/2020,Great Britain
22,Chasse,Female,39,15/10/2022,France
23,Tommye,Female,40,16/08/2021,France
24,Dorcast,Female,41,21/05/2020,Great Britain
25,Angelee,Female,42,21/05/2021,France
26,Willoom,Female,43,15/10/2023,France
27,Waeston,Female,44,16/08/2022,United States
28,Rosma,Female,45,21/05/2021,United States
29,Felisaas,Female,46,21/05/2022,Great Britain
30,Demetas,Female,47,15/10/2024,France
31,Jeromyw,Female,48,16/08/2023,Great Britain
32,Rashid,Female,49,21/05/2022,France
33,Dett,Female,50,21/05/2023,France
34,Nern ,Female,51,15/10/2025,Great Britain
35,Kallsie,Female,52,16/08/2024,France
